year,n_added,n_removed,n_changed,n_unchanged
2000,1308,1035,8595,6447
2001,1326,828,8706,6543
2002,1344,621,8824,6632
2003,1344,621,8847,6609
2004,1344,621,8903,6553
2005,1350,552,9051,6474
2006,1362,414,9158,6505
2007,1443,345,9236,6496
2008,1449,276,9377,6424
2009,1455,207,9476,6394
2010,1455,207,9521,6349
2011,1461,138,9680,6259
2012,1461,138,9735,6204
2013,1461,138,9772,6167
2014,1461,138,9868,6071
2015,1461,138,9843,6096
2016,1461,138,9935,6004
2017,1449,276,9784,6017
2018,1419,621,9628,5828
2019,1413,690,9511,5876
2020,1407,759,9381,5937
2021,1401,828,9190,6059
2022,1395,897,8966,6214
2023,16575,0,0,0
2024,16425,0,0,0
